{
    "domain": {
        "name": "has",
        "secrets": [
            {
                "name": "aai",
                "values": {
                    "username": "${AAI_USER}",
                    "password": "${AAI_PASS}"
                }
            },
            {
                "name": "conductor_api",
                "values": {
                    "username": "${CONDUCTOR_USER}",
                    "password": "${CONDUCTOR_PASS}"
                }
            },
            {
                "name": "sdnc",
                "values": {
                    "username": "${SDNC_USER}",
                    "password": "${SDNC_PASS}"
                }
            },
            {
                "name": "music_api",
                "values": {
                    "aafuser": "${MUSIC_USER}",
                    "aafpass": "${MUSIC_PASS}",
                    "aafns": "conductor"
                }
            },
            {
                "name": "aaf_api",
                "values": {
                    "username": "${AAF_USER}",
                    "password": "${AAF_PASS}",
                    "aaf_conductor_user": "oof@oof.onap.org"
                }
            }
        ]
    }
}
