{
  "sdc-connections":{
    "sdc-controller":{
        "user": "clamp",
        "consumerGroup": "clamp",
        "consumerId": "clamp",
        "environmentName": "AUTO",
        "sdcAddress": "sdc-be.{{ include "common.namespace" . }}:8443",
        "password": "b7acccda32b98c5bb7acccda32b98c5b05D511BD6D93626E90D18E9D24D9B78CD34C7EE8012F0A189A28763E82271E50A5D4EC10C7D93E06E0A2D27CAE66B981",
        "pollingInterval":30,
        "pollingTimeout":30,
        "activateServerTLSAuth":"false",
        "keyStorePassword":"",
        "keyStorePath":"",
        "messageBusAddresses":["message-router.{{ include "common.namespace" . }}"]
    }
  }
}
